{
  "original_height_meters": 0.099995,
  "size": {
    "Small": 0.079996,
    "Medium": 0.099995,
    "Large": 0.119994
  }
}
